Workbook

Sheet Employee_Data
A1: Emp_ID | B1: Name | C1: Department | D1: City | E1: Salary | F1: Bonus | G1: Age | H1: Join_Year | I1: Sales_Target | J1: Sales_Achieved | K1: Rating
A2: E001 | B2: Alice Johnson | C2: HR | D2: Mumbai | E2: 52000 | F2: 4000 | G2: 29 | H2: 2019 | I2: 80000 | J2: 75000 | K2: 4
A3: E002 | B3: Bob Smith | C3: IT | D3: Delhi | E3: 65000 | F3: 7000 | G3: 35 | H3: 2017 | I3: 120000 | J3: 130000 | K3: 5
A4: E003 | B4: Carol White | C4: Finance | D4: Mumbai | E4: 58000 | F4: 5500 | G4: 31 | H4: 2018 | I4: 95000 | J4: 88000 | K4: 3
A5: E004 | B5: David Brown | C5: IT | D5: Bangalore | E5: 72000 | F5: 8000 | G5: 40 | H5: 2015 | I5: 150000 | J5: 162000 | K5: 5
A6: E005 | B6: Eva Green | C6: HR | D6: Delhi | E6: 48000 | F6: 3500 | G6: 27 | H6: 2021 | I6: 70000 | J6: 65000 | K6: 3
A7: E006 | B7: Frank Lee | C7: Finance | D7: Mumbai | E7: 61000 | F7: 6000 | G7: 38 | H7: 2016 | I7: 105000 | J7: 98000 | K7: 4
A8: E007 | B8: Grace Kim | C8: IT | D8: Bangalore | E8: 78000 | F8: 9000 | G8: 44 | H8: 2014 | I8: 160000 | J8: 175000 | K8: 5
A9: E008 | B9: Henry Ford | C9: Sales | D9: Delhi | E9: 55000 | F9: 5000 | G9: 33 | H9: 2018 | I9: 200000 | J9: 185000 | K9: 4
A10: E009 | B10: Ivy Chen | C10: Sales | D10: Mumbai | E10: 50000 | F10: 4500 | G10: 30 | H10: 2020 | I10: 180000 | J10: 195000 | K10: 5
A11: E010 | B11: Jack Ma | C11: Finance | D11: Bangalore | E11: 67000 | F11: 7500 | G11: 36 | H11: 2017 | I11: 110000 | J11: 102000 | K11: 3
A12: E011 | B12: Karen Black | C12: HR | D12: Delhi | E12: 46000 | F12: 3000 | G12: 25 | H12: 2022 | I12: 60000 | J12: 58000 | K12: 2
A13: E012 | B13: Leo Messi | C13: Sales | D13: Bangalore | E13: 80000 | F13: 10000 | G13: 45 | H13: 2013 | I13: 220000 | J13: 240000 | K13: 5
A14: E013 | B14: Mia Turner | C14: IT | D14: Mumbai | E14: 69000 | F14: 7800 | G14: 37 | H14: 2016 | I14: 140000 | J14: 138000 | K14: 4
A15: E014 | B15: Noah Park | C15: HR | D15: Delhi | E15: 51000 | F15: 4200 | G15: 28 | H15: 2020 | I15: 75000 | J15: 70000 | K15: 3
A16: E015 | B16: Olivia Ray | C16: Finance | D16: Mumbai | E16: 63000 | F16: 6500 | G16: 33 | H16: 2018 | I16: 100000 | J16: 108000 | K16: 4
A17: 🔴 Red cells = dirty data (text numbers or extra spaces) – needs cleaning

Sheet Questions
A1: 📝 Excel Practice Questions – Employee Data
A2: Dataset is on the 'Employee_Data' sheet. Write your formulas in column D.
A3: # | B3: Topic | C3: Question | D3: Your Answer (write formula here)
A4: ── CLEANING ──
A5: 1 | B5: TRIM | C5: In a helper column (e.g., column M on the data sheet), write a TRIM formula to remove extra spaces from the Name column (B2:B16).
A6: 2 | B6: Text→Number | C6: Employees E001, E005, E010 have Salary stored as text (column E). Write a formula using VALUE() or *1 to convert cell E2 to a number.
A7: 3 | B7: Text→Number | C7: Employees E003, E008, E014 have Join_Year as text (column H). Convert H4 to a number using VALUE().
A8: ── AGGREGATES ──
A9: 4 | B9: SUM | C9: What is the total Salary of all 15 employees? (Column E)
A10: 5 | B10: AVERAGE | C10: What is the average Bonus across all employees? (Column F)
A11: 6 | B11: MIN | C11: What is the minimum Age in the dataset? (Column G)
A12: 7 | B12: MAX | C12: What is the maximum Sales_Achieved? (Column J)
A13: ── CONDITIONAL AGGREGATES ──
A14: 8 | B14: SUMIF | C14: What is the total Salary for employees in the IT department?
A15: 9 | B15: SUMIF | C15: What is the total Sales_Achieved for employees based in Mumbai?
A16: 10 | B16: AVERAGEIF | C16: What is the average Salary for Finance department employees?
A17: 11 | B17: AVERAGEIF | C17: What is the average Rating for employees with Age > 35?
A18: ── LOOKUPS ──
A19: 12 | B19: XLOOKUP | C19: Use XLOOKUP to find the Salary of employee 'Grace Kim'.
A20: 13 | B20: XLOOKUP | C20: Use XLOOKUP to find the Department of employee 'E008'.
A21: 14 | B21: VLOOKUP | C21: Use VLOOKUP to find the City of employee 'E005' (Emp_ID in col A, City in col D).
A22: 15 | B22: VLOOKUP | C22: Use VLOOKUP to return the Bonus for 'E012'.
A23: 16 | B23: HLOOKUP | C23: Create a small horizontal lookup table (see Solutions sheet for layout) and use HLOOKUP to retrieve the Salary for 'HR'.
A24: ── LOGICAL ──
A25: 17 | B25: IF | C25: Write an IF formula: if an employee's Sales_Achieved >= Sales_Target, return 'Met', else 'Missed'. Apply to E002 (row 3).
A26: 18 | B26: IF | C26: Write an IF formula: if Salary > 60000 return 'Senior', else 'Junior'. Apply to E003 (row 4).
A27: 19 | B27: Nested IF | C27: Rating 5='Excellent', Rating 4='Good', Rating 3='Average', else='Poor'. Apply to E001 (row 2).
A28: ── STATISTICS ──
A29: 20 | B29: AVERAGE (Mean) | C29: Calculate the mean (average) Salary of all employees.
A30: 21 | B30: MEDIAN | C30: Calculate the median Salary.
A31: 22 | B31: MODE | C31: Calculate the mode of the Rating column (Column K).
A32: 23 | B32: MEDIAN | C32: Calculate the median Age.

Sheet Solutions
A1: ✅ Solution Sheet – Excel Practice
A2: All formulas reference the Employee_Data sheet. Values shown are expected results.
A3: # | B3: Topic | C3: Formula | D3: Expected Result
A4: ── CLEANING ──
A5: 1 | B5: TRIM | C5: =TRIM(Employee_Data!B2) → apply down M2:M16 | D5: Alice Johnson (no spaces)
A6: 2 | B6: Text→Number (Salary) | C6: =VALUE(Employee_Data!E2) or =Employee_Data!E2*1 | D6: 52000 (number, not text)
A7: 3 | B7: Text→Number (Year) | C7: =VALUE(Employee_Data!H4) | D7: 2018 (number, not text)
A8: ── AGGREGATES ──
A9: 4 | B9: SUM | C9: =SUM(Employee_Data!E2:E16) | D9: 915000
A10: 5 | B10: AVERAGE | C10: =AVERAGE(Employee_Data!F2:F16) | D10: 6033.33
A11: 6 | B11: MIN | C11: =MIN(Employee_Data!G2:G16) | D11: 25
A12: 7 | B12: MAX | C12: =MAX(Employee_Data!J2:J16) | D12: 240000
A13: ── CONDITIONAL AGGREGATES ──
A14: 8 | B14: SUMIF | C14: =SUMIF(Employee_Data!C2:C16,"IT",Employee_Data!E2:E16) | D14: 284000
A15: 9 | B15: SUMIF | C15: =SUMIF(Employee_Data!D2:D16,"Mumbai",Employee_Data!J2:J16) | D15: 664000
A16: 10 | B16: AVERAGEIF | C16: =AVERAGEIF(Employee_Data!C2:C16,"Finance",Employee_Data!E2:E16) | D16: 62250
A17: 11 | B17: AVERAGEIF | C17: =AVERAGEIF(Employee_Data!G2:G16,">"&35,Employee_Data!K2:K16) | D17: 4.20
A18: ── LOOKUPS ──
A19: 12 | B19: XLOOKUP | C19: =XLOOKUP("Grace Kim",Employee_Data!B2:B16,Employee_Data!E2:E16) | D19: 78000
A20: 13 | B20: XLOOKUP | C20: =XLOOKUP("E008",Employee_Data!A2:A16,Employee_Data!C2:C16) | D20: Sales
A21: 14 | B21: VLOOKUP | C21: =VLOOKUP("E005",Employee_Data!A2:D16,4,FALSE) | D21: Delhi
A22: 15 | B22: VLOOKUP | C22: =VLOOKUP("E012",Employee_Data!A2:F16,6,FALSE) | D22: 10000
A23: 16 | B23: HLOOKUP | C23: Build a 2-row table (row 20 in this sheet): A20:C20 = HR | IT | Finance A21:C21 = Dept avg salaries =HLOOKUP("HR",A20:C21,2,FALSE) | D23: ~49000 (avg HR salary)
A24: ── LOGICAL ──
A25: 17 | B25: IF (Sales) | C25: =IF(Employee_Data!J3>=Employee_Data!I3,"Met","Missed") | D25: Met (E002: 130000 >= 120000)
A26: 18 | B26: IF (Senior/Junior) | C26: =IF(Employee_Data!E4>60000,"Senior","Junior") | D26: Junior (E003 salary = 58000)
A27: 19 | B27: Nested IF (Rating) | C27: =IF(Employee_Data!K2=5,"Excellent",IF(Employee_Data!K2=4,"Good",IF(Employee_Data!K2=3,"Average","Poor"))) | D27: Good (E001 rating = 4)
A28: ── STATISTICS ──
A29: 20 | B29: AVERAGE (Mean) | C29: =AVERAGE(Employee_Data!E2:E16) | D29: 61000
A30: 21 | B30: MEDIAN | C30: =MEDIAN(Employee_Data!E2:E16) | D30: 61000
A31: 22 | B31: MODE | C31: =MODE(Employee_Data!K2:K16) | D31: 4 or 5
A32: 23 | B32: MEDIAN (Age) | C32: =MEDIAN(Employee_Data!G2:G16) | D32: 33
A34: HLOOKUP Helper Table (for Q16):
A35: HR | B35: IT | C35: Finance | D35: Sales
A36: =AVERAGEIF(Employee_Data!C2:C16,A35,Employee_Data!E2:E16) | B36: =AVERAGEIF(Employee_Data!C2:C16,B35,Employee_Data!E2:E16) | C36: =AVERAGEIF(Employee_Data!C2:C16,C35,Employee_Data!E2:E16) | D36: =AVERAGEIF(Employee_Data!C2:C16,D35,Employee_Data!E2:E16)
